epoch,loss,loss_contrastive_divergence,loss_regularization,lr-Adam,metrics_avg_fake,metrics_avg_real,step,val_contrastive_divergence,val_real_out
,,,,0.0001,,,0,,
0,-0.8130303621292114,-0.8754260540008545,0.06239568069577217,,0.09612247347831726,-0.7793035507202148,49,,
0,-4.95784854888916,-9.695249557495117,4.737401008605957,,4.776409149169922,-4.918840408325195,99,,
0,-4.980017185211182,-10.13869857788086,5.158681392669678,,5.069210052490234,-5.069488525390625,149,,
0,-4.991899013519287,-10.08045482635498,5.088555812835693,,5.043278694152832,-5.037176132202148,199,,
0,-4.9912238121032715,-9.700404167175293,4.7091803550720215,,4.865468978881836,-4.834935188293457,249,,
0,-4.995241641998291,-10.096002578735352,5.1007609367370605,,4.935344219207764,-5.16065788269043,299,,
0,-4.9978508949279785,-9.92428970336914,4.926438808441162,,4.911077976226807,-5.013211250305176,349,,
0,-4.999035358428955,-10.007038116455078,5.008002758026123,,4.969412803649902,-5.037625789642334,399,,
0,-4.99911642074585,-9.953605651855469,4.954489231109619,,5.006319999694824,-4.947286128997803,449,,
0,,,,,-0.6237155795097351,,467,4.504576683044434,-5.128292083740234
,,,,9.7e-05,,,468,,
1,-4.999364376068115,-10.048301696777344,5.0489373207092285,,5.055688858032227,-4.992612361907959,499,,
1,-4.998933792114258,-10.002416610717773,5.003482818603516,,5.061766147613525,-4.94064998626709,549,,
1,-4.998661994934082,-10.098676681518555,5.100014686584473,,5.099598407745361,-4.999077796936035,599,,
1,-4.998147487640381,-9.991195678710938,4.993048191070557,,5.081157684326172,-4.910037994384766,649,,
1,-4.997673988342285,-10.058878898620605,5.06120491027832,,5.124520778656006,-4.9343581199646,699,,
1,-4.997463703155518,-10.107288360595703,5.1098246574401855,,5.1472978591918945,-4.959990978240967,749,,
1,-4.996387481689453,-10.03573226928711,5.039344787597656,,5.1453938484191895,-4.890337944030762,799,,
1,-4.995082378387451,-9.965683937072754,4.970601558685303,,5.135489463806152,-4.830194473266602,849,,
1,-4.995601177215576,-10.087586402893066,5.09198522567749,,5.179787635803223,-4.907798767089844,899,,
1,,,,,-0.6956793665885925,,935,4.323695659637451,-5.019375324249268
,,,,9.409e-05,,,936,,
2,-4.996104717254639,-10.022814750671387,5.026710033416748,,5.147352695465088,-4.875462055206299,949,,
2,-4.996424198150635,-10.095870018005371,5.099445819854736,,5.168871879577637,-4.926998138427734,999,,
2,-4.995965480804443,-10.1952486038208,5.199283123016357,,4.998147964477539,-5.197100639343262,1049,,
2,-4.996223449707031,-10.141300201416016,5.145076751708984,,5.184841156005859,-4.956459045410156,1099,,
2,-4.996858596801758,-10.149161338806152,5.1523027420043945,,5.1700239181518555,-4.979137420654297,1149,,
2,-4.996373176574707,-10.164762496948242,5.168389320373535,,4.98081111907959,-5.1839518547058105,1199,,
2,-4.996729850769043,-10.034246444702148,5.0375165939331055,,4.895013809204102,-5.139232158660889,1249,,
2,-4.997783660888672,-9.889952659606934,4.892168998718262,,4.859992027282715,-5.029960632324219,1299,,
2,-4.997969627380371,-10.027384757995605,5.029415130615234,,4.91640567779541,-5.110979080200195,1349,,
2,-4.998459339141846,-9.936361312866211,4.937901973724365,,4.889963150024414,-5.046398162841797,1399,,
2,,,,,-0.7432684302330017,,1403,4.224658966064453,-4.9679274559021
,,,,9.12673e-05,,,1404,,
3,-4.998908519744873,-9.966376304626465,4.967467784881592,,4.915677070617676,-5.050699234008789,1449,,
3,-4.998854160308838,-9.979354858398438,4.9805006980896,,4.92570686340332,-5.053647994995117,1499,,
3,-4.99937629699707,-9.972108840942383,4.9727325439453125,,4.938296318054199,-5.033812522888184,1549,,
3,-4.999466419219971,-9.974616050720215,4.975149631500244,,4.9487762451171875,-5.025839805603027,1599,,
3,-4.99970006942749,-9.991374015808105,4.991673946380615,,4.965381145477295,-5.0259928703308105,1649,,
3,-4.999745845794678,-9.978134155273438,4.97838830947876,,4.965917587280273,-5.012216091156006,1699,,
3,-4.999786853790283,-9.96746826171875,4.967681407928467,,4.964265823364258,-5.003202438354492,1749,,
3,-4.999753475189209,-9.95958423614502,4.9598307609558105,,5.00045108795166,-4.959133148193359,1799,,
3,-4.9997358322143555,-9.939806938171387,4.940071105957031,,4.968733787536621,-4.971073150634766,1849,,
3,,,,,-0.7869777083396912,,1871,4.19816255569458,-4.985140800476074
,,,,8.8529281e-05,,,1872,,
4,-4.9998273849487305,-9.974472045898438,4.974644660949707,,4.971184730529785,-5.003287315368652,1899,,
4,-4.999738693237305,-9.970375061035156,4.970636367797852,,4.964217185974121,-5.006157875061035,1949,,
4,-4.9997758865356445,-9.976117134094238,4.976341247558594,,4.965609550476074,-5.010507583618164,1999,,
4,-4.999844551086426,-9.98231315612793,4.982468605041504,,4.975024223327637,-5.007288932800293,2049,,
4,-4.999803066253662,-9.9992094039917,4.999406337738037,,4.975346565246582,-5.023862838745117,2099,,
4,-4.9997639656066895,-9.989374160766602,4.989610195159912,,4.969422340393066,-5.019951820373535,2149,,
4,-4.9998459815979,-9.989969253540039,4.990123271942139,,4.9747490882873535,-5.015219688415527,2199,,
4,-4.999797821044922,-10.005558013916016,5.005760192871094,,4.978123188018799,-5.027435302734375,2249,,
4,-4.999847888946533,-9.987527847290039,4.987679958343506,,4.971797466278076,-5.015729904174805,2299,,
4,,,,,-0.8145987391471863,,2339,4.041957378387451,-4.856555938720703
,,,,8.587340257e-05,,,2340,,
5,-4.999675750732422,-10.025016784667969,5.025341033935547,,4.986777305603027,-5.038239479064941,2349,,
5,-4.999788284301758,-9.954595565795898,4.954807281494141,,4.980676174163818,-4.973919868469238,2399,,
5,-4.999740123748779,-9.954191207885742,4.954451084136963,,4.997899532318115,-4.956292152404785,2449,,
5,-4.999769687652588,-9.96060562133789,4.960835933685303,,4.958772659301758,-5.001832962036133,2499,,
5,-4.999798774719238,-9.974180221557617,4.974381446838379,,4.961726665496826,-5.012453556060791,2549,,
5,-4.999866962432861,-9.981283187866211,4.98141622543335,,4.972615718841553,-5.0086669921875,2599,,
5,-4.999789714813232,-9.985490798950195,4.985701084136963,,4.967902183532715,-5.0175886154174805,2649,,
5,-4.999836444854736,-9.990389823913574,4.990553379058838,,4.972163200378418,-5.018226623535156,2699,,
5,-4.999752521514893,-10.00554084777832,5.005788326263428,,4.971351623535156,-5.034189224243164,2749,,
5,-4.999814510345459,-9.99740982055664,4.997595310211182,,4.974977493286133,-5.022432804107666,2799,,
5,,,,,-0.8569268584251404,,2807,4.055655479431152,-4.912581443786621
,,,,8.329720049289999e-05,,,2808,,
6,-4.999746322631836,-9.985817909240723,4.986071586608887,,4.961745262145996,-5.024072647094727,2849,,
6,-4.9998345375061035,-9.981648445129395,4.981813907623291,,4.969466209411621,-5.012182235717773,2899,,
6,-4.9997663497924805,-9.994756698608398,4.994990348815918,,4.969875812530518,-5.024880409240723,2949,,
6,-4.999805450439453,-10.003170013427734,5.003364562988281,,4.975383758544922,-5.0277862548828125,2999,,
6,-4.9998273849487305,-9.963388442993164,4.963561058044434,,4.966220855712891,-4.997167110443115,3049,,
6,-4.999720573425293,-9.945862770080566,4.946142196655273,,4.993715286254883,-4.952147483825684,3099,,
6,-4.999602317810059,-9.943284034729004,4.943681716918945,,5.001429557800293,-4.941854476928711,3149,,
6,-4.999463081359863,-10.069266319274902,5.069803237915039,,5.0690765380859375,-5.000189781188965,3199,,
6,-4.999258518218994,-10.0732421875,5.073983669281006,,5.081737995147705,-4.991504669189453,3249,,
6,,,,,-0.876585841178894,,3275,4.143193244934082,-5.019779205322266
,,,,8.079828447811299e-05,,,3276,,
7,-4.99909782409668,-10.051450729370117,5.0523529052734375,,5.0849761962890625,-4.966474533081055,3299,,
7,-4.998888969421387,-10.011099815368652,5.012210845947266,,5.078125,-4.932974815368652,3349,,
7,-4.998847484588623,-10.036928176879883,5.03808069229126,,5.09046745300293,-4.946460723876953,3399,,
7,-4.998532772064209,-9.949965476989746,4.951432704925537,,5.055643081665039,-4.894322395324707,3449,,
7,-4.998645782470703,-10.064430236816406,5.065784454345703,,5.1060872077941895,-4.958343505859375,3499,,
7,-4.9980902671813965,-10.179831504821777,5.181741237640381,,5.055063247680664,-5.124768257141113,3549,,
7,-4.998507499694824,-10.102867126464844,5.1043596267700195,,4.984121322631836,-5.118745803833008,3599,,
7,-4.998797416687012,-9.901094436645508,4.902297019958496,,4.894181251525879,-5.006913185119629,3649,,
7,-4.999190807342529,-9.920404434204102,4.921213626861572,,4.913354873657227,-5.007049560546875,3699,,
7,,,,,-0.8905171155929565,,3743,4.069197177886963,-4.959713459014893
,,,,7.83743359437696e-05,,,3744,,
8,-4.9993577003479,-9.971603393554688,4.972245693206787,,4.9349188804626465,-5.036684036254883,3749,,
8,-4.999393939971924,-10.021480560302734,5.0220866203308105,,4.958565711975098,-5.062914848327637,3799,,
8,-4.999589443206787,-9.966286659240723,4.9666972160339355,,4.94339656829834,-5.022890090942383,3849,,
8,-4.999657154083252,-9.974706649780273,4.9750494956970215,,4.9511494636535645,-5.023556709289551,3899,,
8,-4.999727725982666,-10.023187637329102,5.0234599113464355,,4.980844020843506,-5.0423431396484375,3949,,
8,-4.9998345375061035,-9.95254898071289,4.952714443206787,,4.9720234870910645,-4.980525016784668,3999,,
8,-4.999736785888672,-9.951009750366211,4.951272964477539,,4.998712539672852,-4.952296733856201,4049,,
8,-4.999635219573975,-10.055122375488281,5.055487155914307,,5.057509899139404,-4.997612476348877,4099,,
8,-4.999496936798096,-10.048038482666016,5.04854154586792,,5.065263748168945,-4.982774257659912,4149,,
8,-4.999209403991699,-9.97352123260498,4.974311828613281,,5.045437812805176,-4.928083419799805,4199,,
8,,,,,-0.9090349674224854,,4211,4.169600963592529,-5.078636169433594
,,,,7.60231058654565e-05,,,4212,,
9,-4.999355316162109,-10.0230712890625,5.023715972900391,,5.064103603363037,-4.958968162536621,4249,,
9,-4.9992756843566895,-10.082773208618164,5.083497524261475,,5.082459449768066,-5.0003132820129395,4299,,
9,-4.998940467834473,-9.99302864074707,4.994088172912598,,5.067355155944824,-4.925673484802246,4349,,
9,-4.99893045425415,-10.034370422363281,5.035439968109131,,5.086757659912109,-4.947612762451172,4399,,
9,-4.998780727386475,-10.011630058288574,5.0128493309021,,5.082207679748535,-4.929422378540039,4449,,
9,-4.9986653327941895,-10.003406524658203,5.004741191864014,,5.08180046081543,-4.921606063842773,4499,,
9,-4.998644828796387,-10.068314552307129,5.069669723510742,,5.105372428894043,-4.962942123413086,4549,,
9,-4.998414039611816,-9.965313911437988,4.966899871826172,,5.068900108337402,-4.896413803100586,4599,,
9,-4.998632431030273,-10.085579872131348,5.086947441101074,,5.112273216247559,-4.973306655883789,4649,,
9,,,,,-0.9212284088134766,,4679,4.10526704788208,-5.026495933532715
,,,,7.37424126894928e-05,,,4680,,
10,-4.9984869956970215,-9.903786659240723,4.905299663543701,,5.02239990234375,-4.881386756896973,4699,,
10,-4.998913288116455,-9.857274055480957,4.858360767364502,,4.924277305603027,-4.93299674987793,4749,,
10,-4.9991631507873535,-9.894464492797852,4.895301342010498,,4.9129180908203125,-4.981546878814697,4799,,
10,-4.9992170333862305,-9.891340255737305,4.892123222351074,,4.973478317260742,-4.917861461639404,4849,,
10,-4.999014377593994,-9.864399909973145,4.86538553237915,,4.923254013061523,-4.941145896911621,4899,,
10,-4.99907922744751,-9.967456817626953,4.968377590179443,,4.920168876647949,-5.047288417816162,4949,,
10,-4.999116897583008,-9.994486808776855,4.995369911193848,,4.933260917663574,-5.061225891113281,4999,,
10,-4.999210834503174,-9.971551895141602,4.972341060638428,,4.927713871002197,-5.043837547302246,5049,,
10,-4.99937105178833,-9.966804504394531,4.967433452606201,,4.930891513824463,-5.035913467407227,5099,,
10,,,,,-0.9328274130821228,,5147,4.011691570281982,-4.944518089294434
,,,,7.1530140308808e-05,,,5148,,
11,-4.999441623687744,-10.009925842285156,5.010484218597412,,4.953817367553711,-5.056108474731445,5149,,
11,-4.99955415725708,-9.956104278564453,4.956550121307373,,4.938778400421143,-5.017325401306152,5199,,
11,-4.999599456787109,-9.985939025878906,4.986339569091797,,4.951095104217529,-5.034843444824219,5249,,
11,-4.999658107757568,-10.023174285888672,5.0235161781311035,,4.9738688468933105,-5.0493059158325195,5299,,
11,-4.9997735023498535,-9.953930854797363,4.95415735244751,,4.957695484161377,-4.996235370635986,5349,,
11,-4.9996538162231445,-9.942123413085938,4.942469596862793,,4.976099967956543,-4.9660234451293945,5399,,
11,-4.9997148513793945,-9.963214874267578,4.963500022888184,,5.009370803833008,-4.9538445472717285,5449,,
11,-4.9997477531433105,-10.037097930908203,5.037350177764893,,5.045544624328613,-4.99155330657959,5499,,
11,-4.9996747970581055,-10.037074089050293,5.0373992919921875,,5.051365852355957,-4.985708236694336,5549,,
11,-4.9995927810668945,-9.978202819824219,4.978610038757324,,5.030677795410156,-4.9475250244140625,5599,,
11,,,,,-0.9523693323135376,,5615,4.108040809631348,-5.060410499572754
,,,,6.938423609954376e-05,,,5616,,
12,-4.999654769897461,-10.03288459777832,5.033229827880859,,5.051958084106445,-4.980926513671875,5649,,
12,-4.999541282653809,-10.018898010253906,5.019356727600098,,5.053964614868164,-4.9649338722229,5699,,
12,-4.999476909637451,-9.957112312316895,4.957635402679443,,5.023187637329102,-4.933924674987793,5749,,
12,-4.999462127685547,-10.076825141906738,5.077363014221191,,5.071045875549316,-5.005779266357422,5799,,
12,-4.999355792999268,-10.055519104003906,5.056163311004639,,5.074700355529785,-4.980818748474121,5849,,
12,-4.9991888999938965,-9.976909637451172,4.977720737457275,,5.049683570861816,-4.9272260665893555,5899,,
12,-4.999203681945801,-10.029458999633789,5.030255317687988,,5.074328422546387,-4.955130577087402,5949,,
12,-4.999166011810303,-10.079197883605957,5.080031871795654,,5.088987350463867,-4.99021053314209,5999,,
12,-4.998969078063965,-10.102218627929688,5.103249549865723,,5.002639293670654,-5.099579334259033,6049,,
12,,,,,-0.960486114025116,,6083,3.9930121898651123,-4.953498363494873
,,,,6.730270901655745e-05,,,6084,,
13,-4.999308109283447,-10.048358917236328,5.049050807952881,,4.9720964431762695,-5.0762619972229,6099,,
13,-4.99944543838501,-9.933372497558594,4.933927059173584,,4.929305076599121,-5.004067897796631,6149,,
13,-4.999549388885498,-9.973527908325195,4.973978519439697,,4.94264554977417,-5.030882835388184,6199,,
13,-4.999525547027588,-10.023502349853516,5.023976802825928,,4.965638637542725,-5.057864189147949,6249,,
13,-4.999627113342285,-9.953611373901367,4.953984260559082,,4.942705154418945,-5.01090669631958,6299,,
13,-4.999656677246094,-9.963089942932129,4.963433265686035,,4.946882247924805,-5.016207695007324,6349,,
13,-4.99967098236084,-10.025115013122559,5.025444030761719,,4.97620964050293,-5.048905372619629,6399,,
13,-4.999714374542236,-9.982074737548828,4.982360363006592,,4.9564361572265625,-5.025638580322266,6449,,
13,-4.999766826629639,-9.983190536499023,4.983423709869385,,4.961333751678467,-5.021856307983398,6499,,
13,-4.999767780303955,-10.004690170288086,5.004922389984131,,4.972574234008789,-5.032115936279297,6549,,
13,,,,,-0.966627836227417,,6551,3.9738242626190186,-4.940452575683594
,,,,6.528362774606072e-05,,,6552,,
14,-4.999830722808838,-9.98097038269043,4.981139659881592,,4.966055393218994,-5.014915466308594,6599,,
14,-4.999828338623047,-9.99565315246582,4.995824813842773,,4.972034931182861,-5.023617744445801,6649,,
14,-4.999838352203369,-10.042458534240723,5.0426201820373535,,5.007235527038574,-5.035223007202148,6699,,
14,-4.999833106994629,-10.050870895385742,5.051037788391113,,5.030341148376465,-5.020529747009277,6749,,
14,-4.999800682067871,-10.05874252319336,5.058941841125488,,5.032551288604736,-5.026191711425781,6799,,
14,-4.999748229980469,-10.02319049835205,5.023442268371582,,5.043576240539551,-4.9796142578125,6849,,
14,-4.999704837799072,-9.983390808105469,4.9836859703063965,,5.027573585510254,-4.955817222595215,6899,,
14,-4.999650478363037,-10.005350112915039,5.005699634552002,,5.041666030883789,-4.96368408203125,6949,,
14,-4.9996724128723145,-10.020650863647461,5.0209784507751465,,5.047654151916504,-4.972996711730957,6999,,
14,,,,,-0.9898537993431091,,7019,4.056847095489502,-5.046700477600098
,,,,6.332511891367889e-05,,,7020,,
15,-4.999692916870117,-10.015321731567383,5.015628814697266,,5.044267654418945,-4.9710540771484375,7049,,
15,-4.999685764312744,-10.029362678527832,5.029676914215088,,5.04854679107666,-4.980815887451172,7099,,
15,-4.999617576599121,-9.972743034362793,4.973125457763672,,5.026212692260742,-4.946530342102051,7149,,
15,-4.999624252319336,-10.039003372192383,5.039379119873047,,5.055666446685791,-4.98333740234375,7199,,
15,-4.999579906463623,-10.088252067565918,5.088672161102295,,5.0426225662231445,-5.045629501342773,7249,,
15,-4.999631404876709,-10.049238204956055,5.049606800079346,,4.991559028625488,-5.057679176330566,7299,,
15,-4.9996514320373535,-9.960233688354492,4.960582256317139,,4.9455485343933105,-5.014684677124023,7349,,
15,-4.999688625335693,-9.983750343322754,4.9840617179870605,,4.954761505126953,-5.028988838195801,7399,,
15,-4.999675273895264,-10.002153396606445,5.002478122711182,,4.9626288414001465,-5.039525032043457,7449,,
15,,,,,-0.9844921827316284,,7487,3.9762461185455322,-4.9607391357421875
,,,,6.142536534626853e-05,,,7488,,
16,-4.999697208404541,-9.983976364135742,4.984279155731201,,4.959481716156006,-5.0244951248168945,7499,,
16,-4.9997406005859375,-10.012785911560059,5.013045310974121,,4.973711013793945,-5.039074897766113,7549,,
16,-4.999792575836182,-9.96737003326416,4.9675774574279785,,4.958578109741211,-5.008791923522949,7599,,
16,-4.999851226806641,-9.950323104858398,4.950471878051758,,4.974387168884277,-4.975936412811279,7649,,
16,-4.999752044677734,-9.949946403503418,4.950194358825684,,4.996370315551758,-4.95357608795166,7699,,
16,-4.999739646911621,-9.94445514678955,4.94471549987793,,4.953250885009766,-4.991204261779785,7749,,
16,-4.9997477531433105,-9.973969459533691,4.974221706390381,,4.958026885986328,-5.015942573547363,7799,,
16,-4.999782562255859,-9.989688873291016,4.989906311035156,,4.963718414306641,-5.025970458984375,7849,,
16,-4.99973726272583,-9.98122787475586,4.981490612030029,,4.960594654083252,-5.020633697509766,7899,,
16,-4.99979305267334,-10.01772403717041,5.01793098449707,,4.979557037353516,-5.0381669998168945,7949,,
16,,,,,-0.9924042224884033,,7955,3.9408652782440186,-4.93326997756958
,,,,5.958260438588047e-05,,,7956,,
17,-4.999866008758545,-9.978172302246094,4.978306293487549,,4.967845916748047,-5.010326385498047,7999,,
17,-4.999838352203369,-9.9891996383667,4.98936128616333,,4.970829010009766,-5.018370628356934,8049,,
17,-4.999840259552002,-9.990859985351562,4.9910197257995605,,4.970963478088379,-5.019896507263184,8099,,
17,-4.999807834625244,-9.951366424560547,4.951558589935303,,4.965207099914551,-4.986159324645996,8149,,
17,-4.999789237976074,-9.956253051757812,4.956463813781738,,4.999932289123535,-4.956320285797119,8199,,
17,-4.999744415283203,-10.018550872802734,5.018806457519531,,5.0412068367004395,-4.977343559265137,8249,,
17,-4.999732494354248,-10.018345832824707,5.018613338470459,,5.0428314208984375,-4.9755144119262695,8299,,
17,-4.99968957901001,-10.012588500976562,5.012898921966553,,5.043266296386719,-4.969322204589844,8349,,
17,-4.999701499938965,-10.026718139648438,5.027016639709473,,5.046433448791504,-4.980284690856934,8399,,
17,,,,,-1.015169620513916,,8423,4.026504039764404,-5.0416741371154785
,,,,5.7795126254304054e-05,,,8424,,
18,-4.999706268310547,-9.998348236083984,4.9986419677734375,,5.0359392166137695,-4.962409496307373,8449,,
18,-4.999673366546631,-10.008880615234375,5.009207248687744,,5.042666435241699,-4.966213703155518,8499,,
18,-4.999682426452637,-9.992345809936523,4.992663383483887,,5.034726619720459,-4.957619667053223,8549,,
18,-4.999684810638428,-10.055384635925293,5.055699825286865,,5.052889823913574,-5.002494812011719,8599,,
18,-4.999670028686523,-10.078536987304688,5.078866958618164,,5.038639068603516,-5.03989839553833,8649,,
18,-4.999694347381592,-10.030522346496582,5.03082799911499,,4.981130599975586,-5.049391746520996,8699,,
18,-4.999753952026367,-9.965238571166992,4.965484619140625,,4.95339298248291,-5.011845588684082,8749,,
18,-4.999742031097412,-9.983222007751465,4.983479976654053,,4.958377838134766,-5.024844169616699,8799,,
18,-4.99977445602417,-10.025857925415039,5.026083469390869,,4.98320198059082,-5.042656421661377,8849,,
18,,,,,-1.0131094455718994,,8891,3.9622721672058105,-4.975381851196289
,,,,5.606127246667493e-05,,,8892,,
19,-4.999788761138916,-9.984338760375977,4.9845499992370605,,4.963873386383057,-5.020465850830078,8899,,
19,-4.999826908111572,-9.980783462524414,4.980956554412842,,4.965217590332031,-5.015565395355225,8949,,
19,-4.999814987182617,-10.010601997375488,5.010787010192871,,4.978146553039551,-5.0324554443359375,8999,,
19,-4.99984884262085,-9.98303508758545,4.9831862449646,,4.967294692993164,-5.015740394592285,9049,,
19,-4.999842643737793,-10.00168228149414,5.001839637756348,,4.974697113037109,-5.0269856452941895,9099,,
19,-4.999828815460205,-10.00868034362793,5.008851528167725,,4.977882385253906,-5.030798435211182,9149,,
19,-4.999857425689697,-9.964485168457031,4.964627742767334,,4.964911460876465,-4.999574184417725,9199,,
19,-4.9998555183410645,-9.950919151306152,4.951063632965088,,4.981673240661621,-4.969245910644531,9249,,
19,-4.999800205230713,-9.971834182739258,4.972033977508545,,5.013101100921631,-4.958732604980469,9299,,
19,-4.999783515930176,-10.032894134521484,5.033110618591309,,5.042590141296387,-4.990303993225098,9349,,
19,,,,,-1.0204110145568848,,9359,3.9863996505737305,-5.006811141967773
,,,,5.437943429267468e-05,,,9360,,
20,-4.999752998352051,-10.010432243347168,5.010679244995117,,5.038567543029785,-4.971864700317383,9399,,
20,-4.99975061416626,-9.985650062561035,4.985899448394775,,5.0261664390563965,-4.959483623504639,9449,,
20,-4.999752998352051,-10.024446487426758,5.024693489074707,,5.043759346008301,-4.980687618255615,9499,,
20,-4.9997477531433105,-10.01301097869873,5.01326322555542,,5.039470672607422,-4.973540306091309,9549,,
20,-4.999718189239502,-9.988325119018555,4.988606929779053,,5.030027389526367,-4.958298206329346,9599,,
20,-4.999725341796875,-10.048161506652832,5.048436164855957,,5.050707817077637,-4.997453689575195,9649,,
20,-4.99967098236084,-9.998671531677246,4.999000549316406,,5.038412094116211,-4.960259437561035,9699,,
20,-4.999646186828613,-9.9348726272583,4.9352264404296875,,4.991861343383789,-4.943011283874512,9749,,
20,-4.999675750732422,-9.940834999084473,4.941159248352051,,4.945467948913574,-4.995367050170898,9799,,
20,,,,,-1.035286545753479,,9827,3.9490063190460205,-4.984292507171631
,,,,5.274805126389444e-05,,,9828,,
21,-4.999734878540039,-9.978814125061035,4.979079246520996,,4.955824851989746,-5.022989273071289,9849,,
21,-4.999752521514893,-10.023160934448242,5.02340841293335,,4.979379653930664,-5.043781280517578,9899,,
21,-4.999754905700684,-9.981082916259766,4.981328010559082,,4.958281993865967,-5.022801399230957,9949,,
21,-4.999796390533447,-9.964359283447266,4.964562892913818,,4.957237720489502,-5.007122039794922,9999,,
21,-4.9997453689575195,-10.026951789855957,5.0272064208984375,,4.982556343078613,-5.044395446777344,10049,,
21,-4.999811172485352,-9.987296104431152,4.987484931945801,,4.965012550354004,-5.022283554077148,10099,,
21,-4.999825477600098,-9.962095260620117,4.9622697830200195,,4.960482597351074,-5.001612663269043,10149,,
21,-4.999838829040527,-9.998973846435547,4.9991350173950195,,4.97244119644165,-5.0265326499938965,10199,,
21,-4.999858379364014,-9.994977951049805,4.995119571685791,,4.972376823425293,-5.022601127624512,10249,,
21,,,,,-1.0316264629364014,,10295,3.9601898193359375,-4.99181604385376
,,,,5.11656097259776e-05,,,10296,,
22,-4.999843120574951,-9.972219467163086,4.972376346588135,,4.964470863342285,-5.007748603820801,10299,,
22,-4.9998579025268555,-9.95083236694336,4.950974464416504,,4.971192836761475,-4.979639530181885,10349,,
22,-4.999796390533447,-9.961155891418457,4.96135950088501,,5.003417015075684,-4.957738876342773,10399,,
22,-4.999805450439453,-10.020855903625488,5.021050453186035,,5.037727355957031,-4.983128547668457,10449,,
22,-4.999777317047119,-10.02482795715332,5.025050640106201,,5.042498588562012,-4.982329845428467,10499,,
22,-4.9997639656066895,-9.998153686523438,4.998389720916748,,5.032509803771973,-4.965643882751465,10549,,
22,-4.999749183654785,-10.011163711547852,5.011414527893066,,5.0387420654296875,-4.972422122955322,10599,,
22,-4.999752044677734,-10.026344299316406,5.026592254638672,,5.044567108154297,-4.981777667999268,10649,,
22,-4.999745845794678,-10.025901794433594,5.026155948638916,,5.045045852661133,-4.980856418609619,10699,,
22,-4.999699115753174,-9.953304290771484,4.9536051750183105,,5.00628662109375,-4.947017669677734,10749,,
22,,,,,-1.0430816411972046,,10763,3.9924421310424805,-5.035523414611816
,,,,4.9630641434198275e-05,,,10764,,
23,-4.99976110458374,-10.008135795593262,5.0083746910095215,,5.037392616271973,-4.970743179321289,10799,,
23,-4.999768257141113,-10.048070907592773,5.04830265045166,,5.04689884185791,-5.0011725425720215,10849,,
23,-4.999770641326904,-10.029584884643555,5.02981424331665,,5.043984889984131,-4.985600471496582,10899,,
23,-4.999741077423096,-9.968358039855957,4.968616962432861,,5.014416694641113,-4.953941345214844,10949,,
23,-4.999764442443848,-10.021791458129883,5.022027015686035,,5.041879653930664,-4.979912281036377,10999,,
23,-4.9997782707214355,-10.039834976196289,5.0400567054748535,,5.045665264129639,-4.994169235229492,11049,,
23,-4.999769687652588,-10.010093688964844,5.010324001312256,,5.036660194396973,-4.973433494567871,11099,,
23,-4.9997358322143555,-9.964350700378418,4.9646148681640625,,5.0120134353637695,-4.952337265014648,11149,,
23,-4.999775409698486,-10.022041320800781,5.022265911102295,,5.041123867034912,-4.980916976928711,11199,,
23,,,,,-1.0453234910964966,,11231,3.96964693069458,-5.014970302581787
,,,,4.814172219117233e-05,,,11232,,
24,-4.99977970123291,-10.021221160888672,5.021441459655762,,5.038644790649414,-4.982576847076416,11249,,
24,-4.9998064041137695,-10.00969123840332,5.009884834289551,,5.034417152404785,-4.975274085998535,11299,,
24,-4.999777317047119,-9.987167358398438,4.987390041351318,,5.024230480194092,-4.9629364013671875,11349,,
24,-4.999814033508301,-10.018964767456055,5.019150733947754,,5.037141799926758,-4.981822967529297,11399,,
24,-4.999788761138916,-10.000181198120117,5.000392436981201,,5.0309977531433105,-4.969183921813965,11449,,
24,-4.999803066253662,-9.950061798095703,4.950258731842041,,4.990344047546387,-4.959717750549316,11499,,
24,-4.999808311462402,-9.952350616455078,4.952542304992676,,4.959935188293457,-4.992414951324463,11549,,
24,-4.999843120574951,-9.965766906738281,4.96592378616333,,4.963403701782227,-5.0023627281188965,11599,,
24,-4.999829292297363,-10.007366180419922,5.007536888122559,,4.976469039916992,-5.030897617340088,11649,,
24,-4.999842643737793,-10.005821228027344,5.005978584289551,,4.976794242858887,-5.029027462005615,11699,,
24,,,,,-1.045939564704895,,11699,3.919964075088501,-4.965902805328369
,,,,4.669747052543716e-05,,,11700,,
25,-4.999864101409912,-9.964611053466797,4.964746952056885,,4.964710235595703,-4.999900817871094,11749,,
25,-4.9998369216918945,-9.987333297729492,4.987496376037598,,4.967790603637695,-5.019542694091797,11799,,
25,-4.999851226806641,-10.024921417236328,5.0250701904296875,,4.990290641784668,-5.03463077545166,11849,,
25,-4.999861240386963,-9.974336624145508,4.974475383758545,,4.965429306030273,-5.008907318115234,11899,,
25,-4.999849796295166,-9.966442108154297,4.966592311859131,,4.963718414306641,-5.0027241706848145,11949,,
25,-4.99983549118042,-10.028815269470215,5.028979778289795,,4.991147518157959,-5.037667751312256,11999,,
25,-4.999854564666748,-10.002461433410645,5.0026068687438965,,4.97551155090332,-5.026949882507324,12049,,
25,-4.999852657318115,-9.980961799621582,4.981109142303467,,4.966433048248291,-5.014528751373291,12099,,
25,-4.999847888946533,-10.003449440002441,5.003601551055908,,4.975213050842285,-5.028236389160156,12149,,
25,,,,,-1.0476937294006348,,12167,3.9205706119537354,-4.968264102935791
,,,,4.5296546409674046e-05,,,12168,,
26,-4.999850749969482,-9.972867965698242,4.97301721572876,,4.96449613571167,-5.008371829986572,12199,,
26,-4.999832630157471,-9.970064163208008,4.970231533050537,,4.962618827819824,-5.007445335388184,12249,,
26,-4.999852657318115,-10.027149200439453,5.027296543121338,,4.992602825164795,-5.034546852111816,12299,,
26,-4.999850749969482,-9.99015998840332,4.990309238433838,,4.969911575317383,-5.0202484130859375,12349,,
26,-4.9998555183410645,-9.967815399169922,4.967959880828857,,4.964241027832031,-5.003574848175049,12399,,
26,-4.999858856201172,-10.022433280944824,5.022574424743652,,4.989104270935059,-5.033329010009766,12449,,
26,-4.999845504760742,-9.992900848388672,4.99305534362793,,4.970846652984619,-5.0220537185668945,12499,,
26,-4.999844074249268,-9.963756561279297,4.963912487030029,,4.9628729820251465,-5.000884056091309,12549,,
26,-4.999838352203369,-10.009922981262207,5.010084629058838,,4.978513240814209,-5.031409740447998,12599,,
26,,,,,-1.0523278713226318,,12635,3.913865566253662,-4.9661946296691895
,,,,4.393765001738382e-05,,,12636,,
27,-4.999886512756348,-9.996320724487305,4.996434211730957,,4.9767255783081055,-5.019595146179199,12649,,
27,-4.999874591827393,-9.97905158996582,4.979176998138428,,4.968408584594727,-5.010643482208252,12699,,
27,-4.9998860359191895,-9.966941833496094,4.967055797576904,,4.968384265899658,-4.998557090759277,12749,,
27,-4.999862194061279,-9.954641342163086,4.954779148101807,,4.986868858337402,-4.967772483825684,12799,,
27,-4.999846935272217,-9.987467765808105,4.987620830535889,,5.019076347351074,-4.968391418457031,12849,,
27,-4.999850749969482,-10.022579193115234,5.022728443145752,,5.0347900390625,-4.987789154052734,12899,,
27,-4.999841213226318,-10.002254486083984,5.002413272857666,,5.028063774108887,-4.974190711975098,12949,,
27,-4.99985408782959,-9.993362426757812,4.993508338928223,,5.022313117980957,-4.9710493087768555,12999,,
27,-4.999852180480957,-10.002617835998535,5.002765655517578,,5.026678085327148,-4.975939750671387,13049,,
27,-4.999882698059082,-9.999822616577148,4.999939918518066,,5.022486686706543,-4.977336406707764,13099,,
27,,,,,-1.0611544847488403,,13103,3.9604687690734863,-5.021623134613037
,,,,4.2619520516862305e-05,,,13104,,
28,-4.999941825866699,-10.003508567810059,5.003566741943359,,5.0162553787231445,-4.987253189086914,13149,,
28,-4.999920845031738,-10.00745964050293,5.007538795471191,,5.021140098571777,-4.9863200187683105,13199,,
28,-4.9998602867126465,-9.964231491088867,4.964371204376221,,4.999691963195801,-4.964539527893066,13249,,
28,-4.999884128570557,-9.965404510498047,4.96552038192749,,4.967880725860596,-4.997524261474609,13299,,
28,-4.999847888946533,-9.980447769165039,4.980599880218506,,4.965742588043213,-5.014705181121826,13349,,
28,-4.999852657318115,-9.986186981201172,4.986334323883057,,4.967955112457275,-5.018232345581055,13399,,
28,-4.999866962432861,-10.001846313476562,5.001979351043701,,4.976326942443848,-5.025519371032715,13449,,
28,-4.999878406524658,-9.986881256103516,4.987002849578857,,4.971235275268555,-5.015645503997803,13499,,
28,-4.9998650550842285,-9.998016357421875,4.9981513023376465,,4.973748683929443,-5.024267196655273,13549,,
28,,,,,-1.0616371631622314,,13571,3.9052538871765137,-4.966892242431641
,,,,4.134093490135643e-05,,,13572,,
29,-4.999958038330078,-10.009400367736816,5.009442329406738,,4.994237899780273,-5.015162467956543,13599,,
29,-4.999930381774902,-10.009147644042969,5.009217262268066,,4.988407611846924,-5.020739555358887,13649,,
29,-4.999926567077637,-9.997016906738281,4.9970903396606445,,4.980898380279541,-5.016118049621582,13699,,
29,-4.999866008758545,-10.010422706604004,5.010556697845459,,4.980916976928711,-5.029505729675293,13749,,
29,-4.999851703643799,-9.969724655151367,4.969872951507568,,4.964327812194824,-5.005396842956543,13799,,
29,-4.999879360198975,-9.976710319519043,4.976830959320068,,4.96799373626709,-5.008716583251953,13849,,
29,-4.999856472015381,-10.038022994995117,5.038166522979736,,5.001422882080078,-5.036600589752197,13899,,
29,-4.999920845031738,-9.999032974243164,4.999112129211426,,4.981430530548096,-5.01760196685791,13949,,
29,-4.999858379364014,-9.973518371582031,4.973659992218018,,4.9651007652282715,-5.008418083190918,13999,,
29,,,,,-1.0622037649154663,,14039,3.9167191982269287,-4.978921413421631
,,,,4.010070685431574e-05,,,14040,,
30,-4.999948978424072,-10.000816345214844,5.0008673667907715,,4.9855732917785645,-5.015243053436279,14049,,
30,-4.9999680519104,-10.00140380859375,5.00143575668335,,4.991804122924805,-5.009599685668945,14099,,
30,-4.999882698059082,-10.037214279174805,5.037331581115723,,5.005030632019043,-5.032183647155762,14149,,
30,-4.999860763549805,-10.038477897644043,5.038617134094238,,5.0352582931518555,-5.0032196044921875,14199,,
30,-4.9998579025268555,-10.004436492919922,5.004578590393066,,5.0267720222473145,-4.977663993835449,14249,,
30,-4.999861240386963,-10.006769180297852,5.006907939910889,,5.028291702270508,-4.978477478027344,14299,,
30,-4.999878406524658,-10.004018783569336,5.004140377044678,,5.024164199829102,-4.979854583740234,14349,,
30,-4.999876976013184,-10.005387306213379,5.005510330200195,,5.026480674743652,-4.978906631469727,14399,,
30,-4.999866008758545,-9.998050689697266,4.998184680938721,,5.023303031921387,-4.974747180938721,14449,,
30,-4.9999542236328125,-9.979633331298828,4.979679107666016,,4.998281002044678,-4.981352806091309,14499,,
30,,,,,-1.0669894218444824,,14507,3.950303792953491,-5.017293930053711
,,,,3.889768564868627e-05,,,14508,,
31,-4.99998664855957,-9.997346878051758,4.9973602294921875,,4.997917652130127,-4.999429702758789,14549,,
31,-4.999983310699463,-10.001141548156738,5.001158237457275,,5.000611305236816,-5.000530242919922,14599,,
31,-4.999864101409912,-9.965662956237793,4.965798854827881,,4.964978218078613,-5.00068473815918,14649,,
31,-4.9998555183410645,-10.022134780883789,5.022279262542725,,4.988189220428467,-5.0339460372924805,14699,,
31,-4.999897480010986,-9.996152877807617,4.996255397796631,,4.977616786956787,-5.018535614013672,14749,,
31,-4.999851703643799,-9.972042083740234,4.9721903800964355,,4.9642815589904785,-5.007761001586914,14799,,
31,-4.999875068664551,-10.005825996398926,5.005950927734375,,4.979389190673828,-5.026436805725098,14849,,
31,-4.999881267547607,-9.99582290649414,4.995941638946533,,4.974811553955078,-5.021011829376221,14899,,
31,-4.999858856201172,-9.977516174316406,4.977657318115234,,4.9657883644104,-5.011727333068848,14949,,
31,,,,,-1.0764119625091553,,14975,3.9166011810302734,-4.993012428283691
,,,,3.773075507922568e-05,,,14976,,
32,-4.9999871253967285,-9.993622779846191,4.993635654449463,,4.996306419372559,-4.997316360473633,14999,,
32,-4.999961853027344,-9.977184295654297,4.977222442626953,,4.989335060119629,-4.987849712371826,15049,,
32,-4.999910831451416,-9.968936920166016,4.9690260887146,,4.99691104888916,-4.9720258712768555,15099,,
32,-4.999891757965088,-10.012073516845703,5.012181758880615,,5.02716064453125,-4.984912872314453,15149,,
32,-4.999880790710449,-10.017829895019531,5.017949104309082,,5.030035018920898,-4.987795352935791,15199,,
32,-4.999896049499512,-9.998044967651367,4.9981489181518555,,5.020541191101074,-4.977503299713135,15249,,
32,-4.999959468841553,-9.986068725585938,4.986109256744385,,5.003093719482422,-4.982975006103516,15299,,
32,-4.999959945678711,-10.011262893676758,5.011302947998047,,5.0163726806640625,-4.994890213012695,15349,,
32,-4.999858379364014,-10.012269020080566,5.012410640716553,,5.030734062194824,-4.981534957885742,15399,,
32,,,,,-1.0759106874465942,,15443,3.9507274627685547,-5.026638507843018
,,,,3.659883242684891e-05,,,15444,,
33,-4.9999189376831055,-10.001426696777344,5.001507759094238,,5.019500732421875,-4.9819254875183105,15449,,
33,-4.9999542236328125,-10.005281448364258,5.005327224731445,,5.01469087600708,-4.9905900955200195,15499,,
33,-4.999948978424072,-9.980567932128906,4.980618953704834,,4.999732971191406,-4.9808349609375,15549,,
33,-4.9998955726623535,-10.018638610839844,5.01874303817749,,5.028950214385986,-4.989688873291016,15599,,
33,-4.999914646148682,-10.019307136535645,5.019392490386963,,5.026653289794922,-4.992653846740723,15649,,
33,-4.999865531921387,-9.973184585571289,4.973319053649902,,5.007487773895264,-4.965697288513184,15699,,
33,-4.999969959259033,-10.001068115234375,5.001098155975342,,5.010887622833252,-4.990180969238281,15749,,
33,-4.999882221221924,-10.006454467773438,5.006572246551514,,5.026498317718506,-4.979955673217773,15799,,
33,-4.999935626983643,-10.003303527832031,5.003367900848389,,5.018173694610596,-4.9851298332214355,15849,,
33,-4.999889850616455,-9.996940612792969,4.997050762176514,,5.021063804626465,-4.975876331329346,15899,,
33,,,,,-1.0794061422348022,,15911,3.9412753582000732,-5.020681858062744
,,,,3.550086745404344e-05,,,15912,,
34,-4.999984264373779,-10.000779151916504,5.000794887542725,,5.004001617431641,-4.996777534484863,15949,,
34,-4.999946594238281,-10.020431518554688,5.020484924316406,,5.020159721374512,-5.000271320343018,15999,,
34,-4.99997615814209,-10.011451721191406,5.011475563049316,,5.010902404785156,-5.000548839569092,16049,,
34,-4.999851226806641,-9.979606628417969,4.979755401611328,,5.013937950134277,-4.965668678283691,16099,,
34,-4.999875545501709,-10.020936012268066,5.021060466766357,,5.031845569610596,-4.989090442657471,16149,,
34,-4.999934673309326,-10.028604507446289,5.028669834136963,,5.021544456481934,-5.007060527801514,16199,,
34,-4.999911785125732,-10.026910781860352,5.026998996734619,,4.998512268066406,-5.028398513793945,16249,,
34,-4.999903202056885,-9.984313011169434,4.984409809112549,,4.972765922546387,-5.011547088623047,16299,,
34,-4.999887466430664,-10.00100326538086,5.001115798950195,,4.977927207946777,-5.023076057434082,16349,,
34,,,,,-1.0754165649414062,,16379,3.9017140865325928,-4.977131366729736
,,,,3.4435841430422135e-05,,,16380,,
35,-4.999967575073242,-9.999696731567383,4.999729156494141,,4.9900593757629395,-5.009636878967285,16399,,
35,-4.9999895095825195,-9.994852066040039,4.9948625564575195,,4.996540546417236,-4.998311519622803,16449,,
35,-4.999972343444824,-9.99524974822998,4.995277404785156,,4.989140510559082,-5.006109237670898,16499,,
35,-4.999833106994629,-9.992194175720215,4.992361068725586,,4.974224090576172,-5.017970085144043,16549,,
35,-4.999916076660156,-9.99984359741211,4.999927520751953,,4.980928421020508,-5.01891565322876,16599,,
35,-4.999966621398926,-10.008745193481445,5.0087785720825195,,4.994268417358398,-5.014476299285889,16649,,
35,-4.999972820281982,-10.01694107055664,5.016968250274658,,5.003226280212402,-5.0137152671813965,16699,,
35,-4.999868869781494,-10.038330078125,5.038461208343506,,5.034880638122559,-5.0034499168396,16749,,
35,-4.999848365783691,-9.988344192504883,4.988495826721191,,5.0197858810424805,-4.968558311462402,16799,,
35,,,,,-1.0867278575897217,,16847,3.919935464859009,-5.006664276123047
,,,,3.340276618750947e-05,,,16848,,
36,-4.999974250793457,-10.007770538330078,5.007796287536621,,5.012330532073975,-4.995440483093262,16849,,
36,-4.9999871253967285,-10.001340866088867,5.001353740692139,,4.999657154083252,-5.001684188842773,16899,,
36,-4.9999799728393555,-10.005939483642578,5.005959510803223,,4.996207237243652,-5.009732246398926,16949,,
36,-4.999868869781494,-9.984899520874023,4.985030651092529,,4.969008445739746,-5.015891075134277,16999,,
36,-4.9999308586120605,-9.992374420166016,4.992443561553955,,4.9792890548706055,-5.013085842132568,17049,,
36,-4.999944686889648,-9.998939514160156,4.998994827270508,,4.9835710525512695,-5.0153679847717285,17099,,
36,-4.9998860359191895,-10.000619888305664,5.000733852386475,,4.977415084838867,-5.023205280303955,17149,,
36,-4.999917507171631,-9.984480857849121,4.98456335067749,,4.974852561950684,-5.0096282958984375,17199,,
36,-4.999912738800049,-9.983175277709961,4.983262538909912,,4.9742207527160645,-5.008955001831055,17249,,
36,-4.999881744384766,-10.016911506652832,5.017029762268066,,4.987071990966797,-5.029839515686035,17299,,
36,,,,,-1.088549017906189,,17315,3.8943395614624023,-4.982888698577881
,,,,3.240068320188419e-05,,,17316,,
37,-4.999983310699463,-10.004756927490234,5.0047736167907715,,4.996133804321289,-5.008623123168945,17349,,
37,-4.999979496002197,-9.991857528686523,4.991878032684326,,4.994424343109131,-4.997432708740234,17399,,
37,-4.999884605407715,-9.954192161560059,4.954307556152344,,4.976731777191162,-4.9774603843688965,17449,,
37,-4.999979496002197,-9.9866361618042,4.986656665802002,,4.994719505310059,-4.991916656494141,17499,,
37,-4.999906539916992,-9.959768295288086,4.959861755371094,,4.983077049255371,-4.976691246032715,17549,,
37,-4.999959468841553,-9.975173950195312,4.97521448135376,,4.987268447875977,-4.987905502319336,17599,,
37,-4.999836444854736,-9.997394561767578,4.997558116912842,,4.971409320831299,-5.025984764099121,17649,,
37,-4.999864101409912,-10.00083065032959,5.000966548919678,,4.975409984588623,-5.025420665740967,17699,,
37,-4.999967575073242,-10.00771713256836,5.007749557495117,,4.993677139282227,-5.014039993286133,17749,,
37,,,,,-1.0932730436325073,,17783,3.9015586376190186,-4.994832515716553
,,,,3.142866270582766e-05,,,17784,,
38,-4.999988555908203,-10.001392364501953,5.00140380859375,,4.999454498291016,-5.0019378662109375,17799,,
38,-4.999958515167236,-10.009140014648438,5.009181499481201,,5.016003131866455,-4.993137359619141,17849,,
38,-4.999868392944336,-9.99808120727539,4.998212814331055,,5.023707389831543,-4.9743733406066895,17899,,
38,-4.999929428100586,-10.004850387573242,5.004920959472656,,5.019850254058838,-4.984999656677246,17949,,
38,-4.999942779541016,-10.009845733642578,5.0099029541015625,,5.019354820251465,-4.990490913391113,17999,,
38,-4.999935626983643,-10.007143020629883,5.00720739364624,,5.0194220542907715,-4.9877214431762695,18049,,
38,-4.999920845031738,-9.964836120605469,4.9649152755737305,,4.989043712615967,-4.975792407989502,18099,,
38,-4.9999260902404785,-9.974170684814453,4.974244594573975,,4.974639892578125,-4.999531269073486,18149,,
38,-4.9999098777771,-9.995295524597168,4.995385646820068,,4.978049278259277,-5.017246246337891,18199,,
38,-4.999948978424072,-10.006847381591797,5.006898403167725,,4.988737106323242,-5.018110275268555,18249,,
38,,,,,-1.0934442281723022,,18251,3.891263961791992,-4.984708786010742
,,,,3.0485802824652827e-05,,,18252,,
39,-4.999983787536621,-9.998172760009766,4.9981889724731445,,4.994261741638184,-5.003911018371582,18299,,
39,-4.999978542327881,-10.003320693969727,5.003342151641846,,4.994104385375977,-5.00921630859375,18349,,
39,-4.999916076660156,-10.002811431884766,5.002895355224609,,4.981788635253906,-5.021023273468018,18399,,
39,-4.999943256378174,-10.002659797668457,5.002716541290283,,4.986540794372559,-5.016119003295898,18449,,
39,-4.999952793121338,-10.000581741333008,5.00062894821167,,4.986174583435059,-5.014407157897949,18499,,
39,-4.999887943267822,-9.991891860961914,4.992003917694092,,4.973416328430176,-5.018475532531738,18549,,
39,-4.999953746795654,-10.007694244384766,5.007740497589111,,4.990655422210693,-5.0170392990112305,18599,,
39,-4.999958038330078,-10.02445125579834,5.024493217468262,,5.008739471435547,-5.015711784362793,18649,,
39,-4.999973773956299,-10.014528274536133,5.014554500579834,,5.002082824707031,-5.012444972991943,18699,,
39,,,,,-1.0926283597946167,,18719,3.8860929012298584,-4.978722095489502
